1,Koby,Dare,Astrid@salma.com,UK,19,Banking - Commercial,New York University
2,Kelli,Dicki,Ivory@ashtyn.me,UK,85,LLB Law With European Law,"Aberdeen, University of"
3,Golden,Carter,Ari@flo.tv,UK,7,Social Care,Elmhurst College
4,Emory,Koch,Gene_Hilpert@laurie.io,UK,51,Ll.b Law With Criminology,Molloy College
5,Marjorie,Kilback,Antonia.Hauck@giuseppe.tv,Dominican Republic,143,Mechanical Engineering,Doncaster College
6,Ernest,Hoeger,Maritza_Mann@abelardo.tv,Panama,25,Automotive,Erasmus University Rotterdam
7,Rebecca,Hudson,Reynold_Ferry@bennett.us,Chile,10,English Language,University of Southern Maine
8,Josefina,Hirthe,Augustine@cassie.tv,Kyrgyzstan,77,Geography And Geology,Delhi University
9,Wanda,Ebert,Amina.Farrell@charlie.net,Palau,140,Environmental,Dundee College
10,Burnice,Denesik,Tyrese@don.ca,Kuwait,135,Actuarial,St. John's University
11,Harold,Moen,Neil@merlin.name,Vatican City,59,Human Resource Management,ENSAE
12,Brennon,Spencer,Alexandria@eva.io,Cambodia,106,BSc Computer Networks,Coastal Carolina University
13,Stanley,Ziemann,Micaela@millie.info,Azerbaijan,49,Creative Writing,Kasetsart University
14,Forest,Rempel,Chyna_Nolan@elody.org,Seychelles,106,BSc Computer Networks,Coastal Carolina University
15,Gregory,Zboncak,Annamae_Runte@soledad.us,Kazakhstan,113,Economics,Molloy College
16,Valentine,Weimann,Jeromy_Blick@katrine.biz,Turks and Caicos Islands,187,LL.B Law,Clark Atlanta University
17,Alexandria,Waelchi,Everette_Torphy@halle.biz,People's Democratic Republic of Yemen,112,Biology,UHI Millennium Institute
18,Florian,Altenwerth,Adelbert.Ryan@francisca.org,Wake Island,171,Business & Law,Blackburn College
19,Faye,Zieme,Joannie.Brown@sigurd.co.uk,Guatemala,102,Business Analysis And Consulting,Scuola Superiore S.Anna (Pisa)
20,Raleigh,Beatty,Alessandra_Hayes@jamal.biz,British Antarctic Territory,131,Sport/Sports Management,Schiller University
21,Dolly,Kuhic,Sonny@golda.net,Paraguay,18,Advertising,Regensburg University
22,Mikel,Koepp,Rosella@cruz.biz,Liberia,72,Human Resource Management And Organisational Analysis,Universita degli Studi di Venezia
23,May,Pfannerstill,Dave@carlee.me,Puerto Rico,145,Charity/Non Profit,University of the Witwatersrand
24,Otho,Douglas,Walter@karley.biz,Denmark,72,Human Resource Management And Organisational Analysis,Universita degli Studi di Venezia
25,Napoleon,Conroy,Charley.Orn@frances.co.uk,Afghanistan,77,Geography And Geology,Delhi University
26,Elza,Doyle,Isobel@simone.biz,Liechtenstein,92,PPE,Scuola Normale Superiore (Pisa)
27,Maci,Schulist,Reginald.Klein@keshawn.name,United States,116,Physics,"Indian Institute of Management, Indore"
28,Kyler,Hansen,Lorine@rebeka.com,Canada,167,MSc International Politics,University of the Philippines - Diliman
29,Jean,Conn,Zackary.Dickinson@gonzalo.info,Kiribati,108,English Literature And Politics,Creighton University
30,Reilly,Yost,Herman@avis.me,South Africa,126,Financial Management,University of Limerick
31,Shad,Quigley,Roy@judah.com,Bhutan,47,Bar Professional Training Course,Ecole Centrale de Paris
32,Beatrice,Quitzon,Jana@herta.name,Timor-Leste,150,Anthropology,Lebanese American University
33,Lonny,Langworth,Sophia.Paucek@jamir.net,New Zealand,157,Physical Earth & Biological Sciences,University of Calgary
34,Rosalinda,Kiehn,Gia@nestor.us,Dominican Republic,145,Charity/Non Profit,University of the Witwatersrand
35,Rebekah,Parker,Faustino@shane.us,Kyrgyzstan,181,LLB 2014,"Edinburgh, University of"
36,Rhoda,Kuhlman,Roel@kianna.net,Gibraltar,23,E-Business,Warburg Institute
37,Judd,Cruickshank,Bell@buddy.co.uk,Macau SAR China,45,Criminology And Social Policy,Dublin City University
38,Sarah,Yundt,Marcia@noe.org,Papua New Guinea,95,Social Work,LUISS (Libera Universita Internazionale degli Studi Sociali)
39,Russ,Pacocha,Shakira_Kessler@moriah.co.uk,Greenland,115,English,University of Nurtingen
40,Kali,Purdy,Ignatius@madison.info,Mauritania,148,Administration/Secretarial,Le Moyne College
41,Janick,Block,Lamont@david.info,Belarus,45,Criminology And Social Policy,Dublin City University
42,Ford,Waelchi,Marta.Grimes@malinda.org,Paraguay,43,Sport Exercise Science,National Sun Yat-sen University
43,Francesca,Batz,Janie.Klocko@dallin.net,Netherlands Antilles,43,Sport Exercise Science,National Sun Yat-sen University
44,Lukas,Rogahn,Gage.Willms@ruben.me,Cape Verde,118,Classics,College of the Holy Cross
45,Wilhelmine,Funk,Daphne@darryl.biz,Zimbabwe,136,Material And Mineral Engineering,ESB-Reutlingen
46,Jude,Nader,Payton@rupert.org,Panama Canal Zone,111,Other,Wilmington College
47,Frankie,Stroman,Saul@gia.name,Saint Martin,103,Health And Social Care,UHI Millennium Institute
48,Mina,Jaskolski,Amos_Effertz@jennie.info,Bermuda,27,Design,University of Groningen
49,Mack,Zieme,Martin@isabelle.com,Uzbekistan,160,BA(Hons) Politics And Modern History,Askham Bryan College
50,Celestine,Tromp,Loy@evalyn.us,Peru,1,Computer Science,University of Nairobi
51,Zella,Nitzsche,Bridgette@gordon.us,New Zealand,137,Computer And Systems Engineering,City University of Hong Kong
52,Ila,Kuphal,Terrance.Rowe@mario.co.uk,Maldives,96,HR,National Tsing-Hua University
53,Eda,Cruickshank,Abelardo@elza.ca,Jamaica,104,Social. Science,Moscow State Technical University
54,Jaylen,Koepp,Norbert@kristian.io,Monaco,99,Maths And Accounting,Asia Pacific College
55,Kristina,Kohler,Aidan@nona.name,Russia,135,Actuarial,St. John's University
56,Sean,Ondricka,Kristin.Rolfson@madelyn.tv,Turks and Caicos Islands,50,Forensic Science With Crimonology,Glasgow School of Art
57,Estelle,Leuschke,Chauncey.Hoeger@jeramie.tv,Niue,96,HR,National Tsing-Hua University
58,Roselyn,Funk,Korbin@hallie.io,Djibouti,67,History (BA Hons),Flinders University
59,Kariane,Romaguera,Jocelyn_Fadel@lauryn.com,Djibouti,77,Geography And Geology,Delhi University
60,Adrian,Nitzsche,Markus.Gulgowski@nicolas.tv,Guernsey,162,LL.B (Hons),Barking College
61,Maggie,Windler,Shayna.Lesch@donny.io,Guernsey,13,European Law,Jonkoping University College
62,Ken,Blanda,Modesta_Aufderhar@belle.co.uk,French Southern Territories,194,LLM Tax Law,UAM University
63,Antone,Reilly,Ford@garfield.name,Yemen,147,Medical/Health,Chuo University
64,Yadira,Cassin,Anastacio@murray.net,Mayotte,62,French And History,Graduate University of Chinese Academy of Sciences
65,Marge,Macejkovic,Retha@griffin.me,Slovakia,196,Law And Business,Brighton College of Technology
66,Rogers,Feest,Keshawn_Kuvalis@orlando.name,Monaco,55,History And Politics,Turku University
67,Candelario,Fadel,Kailee_Casper@reina.me,Belarus,124,Management Consultancy,Clark Atlanta University
68,Eldridge,Shields,Rachel_Block@olin.info,Neutral Zone,66,Law LLB,The Grimsby Institute of Further & Higher Education
69,Lavina,Romaguera,Cathrine@virgie.us,Canton and Enderbury Islands,69,Process Design Engineering,Villanova University
70,Matt,Hessel,Skyla@gonzalo.net,Czech Republic,34,IMML German,Aalborg University
71,Barrett,Donnelly,Sheila.Abshire@david.io,South Korea,46,Commerce,Columbia Business School
72,Betty,Hagenes,Linda@monte.me,Samoa,155,Business & Management,East China Normal University
73,Alphonso,Schmeler,Raphael_Senger@vernon.biz,Palau,65,Biological Sciences,University of KwaZulu Natal
74,Selmer,Shields,Michelle.Rice@pat.me,Samoa,32,Politics And English,University of Tsukuba
75,Earl,Kemmer,Terry.Rau@brennan.com,Niger,139,Pharmaceutical,US Military Acedemy
76,Sharon,Kunde,Julius@isabell.io,French Guiana,53,Linguistics,Cooper Union
77,Jeffry,Jacobs,Juliana.Stanton@magnolia.ca,Albania,21,Banking - Investment,University of Witten/Herdecke
78,Eliane,Ritchie,Kaleigh.Durgan@verner.us,Chad,126,Financial Management,University of Limerick
79,Howard,Erdman,Arthur_Stroman@quinn.com,Puerto Rico,128,Mathematics/Statistics,"Abertay, University of"
80,Lance,Schimmel,Dovie.Williamson@alycia.org,Serbia,128,Mathematics/Statistics,"Abertay, University of"
81,Elliott,Tillman,Bethel@jess.com,Botswana,6,Engineering,Middlebury College
82,Emanuel,Boyle,Claude@brent.us,Tokelau,189,LLB (European) Law,City of Sunderland College
83,Norma,Feest,Abdullah.Terry@leonardo.net,Georgia,54,LLB LAW,Obafemi Awololo University
84,Jenifer,O'Conner,Virgie@robert.name,Nepal,41,PPS,Sacred Heart University
85,Lilliana,Towne,Henri@breana.org,New Caledonia,5,Health Science,University of Science and Technology Beijing
86,Verner,Padberg,Florencio@barney.com,Seychelles,18,Advertising,Regensburg University
87,Adelia,Stiedemann,Jessika.Nader@glennie.name,Greece,13,European Law,Jonkoping University College
88,Tristin,Turcotte,Joyce_Jaskolski@emmalee.name,Nauru,103,Health And Social Care,UHI Millennium Institute
89,Cooper,Pouros,Chase_Kub@emely.us,Micronesia,113,Economics,Molloy College
90,Judy,Romaguera,Charlotte@earl.info,Australia,165,Law With Politics LLB,Mahidol University
91,Maxie,Tremblay,Annamae.Upton@roma.biz,French Guiana,47,Bar Professional Training Course,Ecole Centrale de Paris
92,Akeem,Barrows,Wellington@mara.ca,Mozambique,1,Computer Science,University of Nairobi
93,Florencio,Funk,Kenna@vicky.us,Malawi,120,Education/Teaching,Sabhal Mor Ostaig
94,Margarita,Welch,Wellington_Cormier@novella.tv,Ethiopia,108,English Literature And Politics,Creighton University
95,Helmer,Legros,Ubaldo@bessie.us,Antigua and Barbuda,142,Food And Drink,Universita Cattolica di Milano
96,Carole,Labadie,Josh@kelvin.io,Martinique,46,Commerce,Columbia Business School
97,Desiree,Klein,Isidro_Homenick@jerald.biz,Nepal,121,Electronic And Electrical Engineering,Universidad Francisco Gavidia
98,Eloy,Kuvalis,Annabelle_Okuneva@christelle.com,Panama Canal Zone,186,"Philosophy, Politics And Economics",Trinity College Carmarthen
99,Lucinda,Macejkovic,Ada_Wuckert@kirk.us,Austria,44,Forensic Science,Morehouse College
100,Emilia,Bosco,Yasmin@darwin.us,São Tomé and Príncipe,120,Education/Teaching,Sabhal Mor Ostaig
